{"type": "block", "layer": 3, "block": 0, "features": [{"geom": {"triangles": {"v": [-0.19334345311561663, 0.11845977678509989, 0.0, -0.19116907567421038, 0.11139877214642802, 0.0, -0.18748407811561663, 0.1241074360868577, 0.0, -0.18067865819374163, 0.12636764421674052, 0.0, -0.16869287938514788, 0.1283493794462327, 0.0, -0.17262964696327288, 0.08626945390912333, 0.0, -0.16424494237342913, 0.12836940660687723, 0.0, -0.14976435155311663, 0.13351829424115458, 0.0, -0.15282373876014788, 0.0717688359281663, 0.0, -0.14635401219764788, 0.06962879076215067, 0.0, -0.13120966405311663, 0.14538772478314677, 0.0, -0.14762049168983538, 0.13616855516644755, 0.0, -0.15021448583046038, 0.14226825609418192, 0.0, -0.13947229833046038, 0.0628281392118577, 0.0, -0.07812433690467913, 0.05911834612103739, 0.0, -0.12228327245155413, 0.1496496953031663, 0.0, -0.13014154881874163, 0.1491776265165452, 0.0, -0.07231073827186663, 0.06272800340863505, 0.0, -0.07033472508827288, 0.06344802751752177, 0.0, -0.031585030264054126, 0.07392986192914286, 0.0, -0.030082039541397876, 0.09609897508832255, 0.0, -0.09532862157264788, 0.19033916368695536, 0.0, -0.11540155858436663, 0.18771846666547098, 0.0, -0.12139826268592913, 0.17974765672894755, 0.0, -0.12531214208046038, 0.15359886064740458, 0.0, -0.12804346532264788, 0.1687689579984788, 0.0, -0.12739496678749163, 0.17447860613080302, 0.0, -0.13294153661171038, 0.16598899736615458, 0.0, -0.13200312108436663, 0.15459831133099833, 0.0, -0.11916285008827288, 0.18658073320599833, 0.0, -0.10320215672889788, 0.19185932054730692, 0.0, -0.11482935399452288, 0.19141872301312723, 0.0, -0.11719446629921038, 0.19941909685345927, 0.0, -0.12225275487342913, 0.19266803636761942, 0.0, -0.08126001805702288, 0.20156772508832255, 0.0, -0.051024727529679126, 0.21867759599896708, 0.0, -0.004218392080460376, 0.1015082158109788, 0.0, -0.013289742178116626, 0.09320934190961161, 0.0, 0.0018088295992271242, 0.23744686022015848, 0.0, -0.035132698721085376, 0.23700912370892802, 0.0, -0.050093941396866626, 0.22382934465619364, 0.0, -0.039618782705460376, 0.23830802812787333, 0.0, 0.002220816903914624, 0.10127742662640848, 0.0, 0.059677787118758374, 0.11014755144330302, 0.0, 0.08779210596641462, 0.2020788945219163, 0.0, 0.037247367196883374, 0.24253757372113505, 0.0, 0.045975394540633374, 0.2439490117094163, 0.0, 0.07119817286094587, 0.24114997759076395, 0.0, 0.051254935556258374, 0.2476893223783616, 0.0, 0.07937688379844587, 0.23316867723676005, 0.0, 0.08718938379844587, 0.21336658373090067, 0.0, 0.002777762704695874, 0.2415695942899827, 0.0, 0.06639165430625837, 0.11127765550824442, 0.0, 0.08509130030235212, 0.13456924333783427, 0.0, 0.08992833643516462, 0.16926772966595927, 0.0, 0.09443730860313337, 0.18384845628949442, 0.0, 0.09305638819297712, 0.19887931719037333, 0.0, 0.08735723047813337, 0.13779838457318583, 0.0, 0.09492558985313337, 0.16125972643109598, 0.0, 0.09970922022422712, 0.15066821947308817, 0.0, 0.09858006983360212, 0.16001994981976786, 0.0, 0.09388036280235212, 0.13947780504437723, 0.0, 0.07682866602500837, 0.11777789964886942, 0.0, 0.08438176661094587, 0.12929923906537333, 0.0, 0.054550833993758374, 0.10575778856488505, 0.0, 0.036019034677352124, 0.08229930772992411, 0.0, 0.054398246103133374, 0.09887988939496317, 0.0, 0.042069144540633374, 0.08253772630902567, 0.0, 0.06343907862266462, 0.09002979173871317, 0.0, 0.055618949228133374, 0.0754776753446702, 0.0, 0.003838248544539624, 0.08939845934125223, 0.0, 0.008156485849227124, 0.07685859575482645, 0.0, 0.003090567880477124, 0.08218963518353739, 0.0, 0.029289908700789624, 0.0663681782743577, 0.0, 0.021408744150008374, 0.06333930864545145, 0.0, 0.027512259775008374, 0.06299884691449442, 0.0, 0.015297599130477124, 0.06384857073041239, 0.0, 0.018555350595320874, 0.06020744219037333, 0.0, 0.015282340341414624, 0.06051738634320536, 0.0, 0.010941214853133374, 0.06634719743939677, 0.0, 0.036202140146102124, 0.06641776933881083, 0.0, -0.06996088475624163, 0.21812923326703348, 0.0, -0.056868843740616626, 0.06324775591107645, 0.0, -0.061812691396866626, 0.05973823442670145, 0.0, -0.058203987783585376, 0.0607977665922288, 0.0, -0.048163704580460376, 0.06352813616009989, 0.0, -0.036010079092179126, 0.06341941728802958, 0.0, -0.041793160146866626, 0.061517790701115516, 0.0, -0.11791925877967913, 0.045030669119084266, 0.0, -0.10648279637733538, 0.03917987718793192, 0.0, -0.07900171727577288, 0.04198844804974833, 0.0, -0.09596186131874163, 0.030268744375431922, 0.0, -0.08126764745155413, 0.03338916673871317, 0.0, -0.08747034520546038, 0.025959090139592078, 0.0, -0.14440088719764788, 0.06442840471478739, 0.0, -0.15861444920936663, 0.13490779772015848, 0.0, -0.16202478856483538, 0.13331992998334208, 0.0, -0.17464380711952288, 0.13105686083051005, 0.0], "f": [0, 1, 2, 3, 2, 1, 1, 4, 3, 4, 1, 5, 6, 4, 5, 5, 7, 6, 8, 7, 5, 7, 8, 9, 10, 7, 9, 10, 11, 7, 12, 11, 10, 10, 9, 13, 10, 13, 14, 15, 10, 14, 15, 16, 10, 14, 17, 15, 15, 17, 18, 19, 15, 18, 20, 15, 19, 21, 15, 20, 15, 21, 22, 23, 15, 22, 24, 15, 23, 23, 25, 24, 23, 26, 25, 25, 27, 24, 24, 27, 28, 22, 29, 23, 21, 30, 22, 30, 31, 22, 32, 31, 30, 32, 33, 31, 34, 21, 20, 20, 35, 34, 20, 36, 35, 20, 37, 36, 38, 35, 36, 35, 38, 39, 39, 40, 35, 41, 40, 39, 38, 36, 42, 43, 38, 42, 44, 38, 43, 44, 45, 38, 45, 44, 46, 47, 46, 44, 48, 46, 47, 49, 47, 44, 50, 49, 44, 45, 51, 38, 52, 44, 43, 53, 44, 52, 54, 44, 53, 55, 44, 54, 56, 44, 55, 54, 53, 57, 58, 54, 57, 59, 58, 57, 60, 58, 59, 61, 59, 57, 52, 62, 53, 53, 62, 63, 43, 42, 64, 65, 64, 42, 64, 65, 66, 66, 65, 67, 68, 66, 67, 68, 67, 69, 65, 42, 70, 70, 71, 65, 70, 72, 71, 71, 73, 65, 73, 71, 74, 74, 75, 73, 76, 74, 71, 76, 77, 74, 76, 78, 77, 71, 79, 76, 65, 73, 80, 35, 81, 34, 18, 82, 19, 82, 18, 83, 82, 83, 84, 85, 19, 82, 85, 86, 19, 85, 87, 86, 13, 88, 14, 14, 88, 89, 14, 89, 90, 90, 89, 91, 90, 91, 92, 91, 93, 92, 9, 94, 13, 7, 95, 6, 6, 95, 96, 97, 3, 4]}, "centroids": [[-0.033285739929198144, 0.14398690909295908, 0.0]]}, "mtl": 0}], "featureCount": 1, "startIndex": 0}