{"type": "block", "layer": 4, "block": 0, "features": [{"geom": {"triangles": {"v": [-0.07812433690467913, 0.05911834612103739, 0.0, -0.07900171727577288, 0.04198844804974833, 0.0, -0.06291895360389788, 0.04140003099652567, 0.0, -0.061812691396866626, 0.05973823442670145, 0.0, -0.07033472508827288, 0.06344802751752177, 0.0, -0.058203987783585376, 0.0607977665922288, 0.0, -0.055083565420304126, 0.039247588064396766, 0.0, -0.048163704580460376, 0.06352813616009989, 0.0, -0.056868843740616626, 0.06324775591107645, 0.0, -0.038642220205460376, 0.06154735460492411, 0.0, -0.034430794424210376, 0.025867537405217078, 0.0, -0.036010079092179126, 0.06341941728802958, 0.0, -0.006095223135147876, 0.016318396475041297, 0.0, 0.010941214853133374, 0.06634719743939677, 0.0, -0.031585030264054126, 0.07392986192914286, 0.0, 0.003090567880477124, 0.08218963518353739, 0.0, 0.008156485849227124, 0.07685859575482645, 0.0, -0.013289742178116626, 0.09320934190961161, 0.0, -0.030082039541397876, 0.09609897508832255, 0.0, 0.003838248544539624, 0.08939845934125223, 0.0, -0.004218392080460376, 0.1015082158109788, 0.0, 0.002220816903914624, 0.10127742662640848, 0.0, 0.015282340341414624, 0.06051738634320536, 0.0, 0.015297599130477124, 0.06384857073041239, 0.0, 0.018555350595320874, 0.06020744219037333, 0.0, 0.008125968271102124, 0.005909041311467078, 0.0, 0.020371146493758374, 0.0015383519193772344, 0.0, 0.031250663095320874, 0.0004597462675217656, 0.0, 0.027512259775008374, 0.06299884691449442, 0.0, 0.058357901864852124, 0.01220043077679911, 0.0, 0.036202140146102124, 0.06641776933881083, 0.0, 0.062348075204695874, 0.013618544485295203, 0.0, 0.055618949228133374, 0.0754776753446702, 0.0, 0.042069144540633374, 0.08253772630902567, 0.0, 0.036019034677352124, 0.08229930772992411, 0.0, 0.07007665186485212, 0.011738852407658484, 0.0, 0.15805882959922712, 0.0587693013212327, 0.0, 0.08174962549766462, -0.0007914744356032344, 0.0, 0.16209477930625837, 0.0478287495634202, 0.0, 0.17221898584922712, 0.0345373906156663, 0.0, 0.10421056299766462, -0.04272071943072042, 0.0, 0.19403142481407087, -0.004402085397517297, 0.0, 0.17827672510703962, 0.030998305227482703, 0.0, 0.19365758448203962, 0.009637907888615516, 0.0, 0.19168157129844587, 0.02966888323041239, 0.0, 0.18754643946250837, 0.03509815111371317, 0.0, 0.19390935450157087, 0.01515777483197489, 0.0, 0.19361180811485212, 0.022700385000431922, 0.0, 0.19809026270469587, 0.016179160024845984, 0.0, 0.19802159815391462, 0.02284820451947489, 0.0, 0.19699162989219587, 0.005248145010197547, 0.0, 0.13260716944297712, -0.06678192243365011, 0.0, 0.14006108790000837, -0.06963054761675558, 0.0, 0.15255803614219587, -0.07722179517534933, 0.0, 0.18219823389610212, -0.06931106672075948, 0.0, 0.15908879786094587, -0.0774316035249587, 0.0, 0.17628545313438337, -0.0833205424287673, 0.0, 0.19356603174766462, -0.08478157148150167, 0.0, 0.19221562891563337, -0.09519092664507589, 0.0, 0.17504186182578962, -0.10257999524859152, 0.0, 0.18130559473594587, -0.10676185712603292, 0.0, 0.18840856104453962, -0.10765068158892355, 0.0, 0.16875524073203962, -0.0954207621553298, 0.0, 0.19733495264610212, -0.09308139905718527, 0.0, 0.15509862452110212, -0.08040229902056417, 0.0, 0.20370549707969587, -0.03558246717241964, 0.0, 0.20378179102500837, -0.04179088697222433, 0.0, 0.20414037256797712, -0.07326118573931417, 0.0, 0.20720738916953962, -0.07126228437212667, 0.0, 0.20822972803672712, -0.042730256173884484, 0.0, 0.19957036524375837, -0.00943176374224386, 0.0, 0.20455235987266462, -0.010261460397517297, 0.0, 0.21450871973594587, -0.024521752450739953, 0.0, 0.21495122461875837, -0.017842217538630578, 0.0, 0.21073216944297712, -0.006501122567927453, 0.0, 0.21872014551719587, -0.006070061776911828, 0.0, 0.21312779932578962, -0.0014409266450758906, 0.0, 0.22325963526328962, 0.0016184605619553594, 0.0, 0.21428746729453962, 0.011328772451603797, 0.0, 0.22386235743125837, -0.005292817209040734, 0.0, 0.21966619043907087, -0.03277008161333761, 0.0, 0.22269506006797712, -0.02577106580523214, 0.0, 0.22211522608360212, -0.01817218885210714, 0.0, 0.19744939356407087, -0.005632325265681359, 0.0, 0.11406774073203962, -0.05852214917925558, 0.0, 0.11895055323203962, -0.06321231946734152, 0.0, 0.12942571192344587, -0.06912223920611105, 0.0, 0.07100743799766462, -0.021640702340876672, 0.0, 0.07408971338828962, -0.005302353952204797, 0.0, 0.06827611475547712, 0.007727698232853797, 0.0, 0.06343907862266462, 0.09002979173871317, 0.0, 0.16062230616172712, 0.06304939165326395, 0.0, 0.06639165430625837, 0.11127765550824442, 0.0, 0.07682866602500837, 0.11777789964886942, 0.0, 0.13971776514610212, 0.11378963365765848, 0.0, 0.13102025538047712, 0.12825973406049052, 0.0, 0.08438176661094587, 0.12929923906537333, 0.0, 0.09388036280235212, 0.13947780504437723, 0.0, 0.10810155420860212, 0.15081890001508036, 0.0, 0.09970922022422712, 0.15066821947308817, 0.0, 0.13340062647422712, 0.13723762407513895, 0.0, 0.08509130030235212, 0.13456924333783427, 0.0, 0.08735723047813337, 0.13779838457318583, 0.0, 0.14133519678672712, 0.1230088032743577, 0.0, 0.14370793848594587, 0.11983878984662333, 0.0, 0.14440984278282087, 0.11174972429486552, 0.0, 0.17163152247032087, 0.10197933092328348, 0.0, 0.15687627344688337, 0.11271865740033427, 0.0, 0.17102880030235212, 0.10606773271771708, 0.0, 0.17673558741172712, 0.07264907732220927, 0.0, 0.18039006739219587, 0.09852035417767802, 0.0, 0.17640752344688337, 0.10279758348676005, 0.0, 0.18779820948203962, 0.07895763292523661, 0.0, 0.18666905909141462, 0.0750189579984788, 0.0, 0.18168706446250837, 0.07024867906781473, 0.0, 0.18740911036094587, 0.07311923876019755, 0.0, 0.18481511622032087, 0.06786735429974833, 0.0, 0.18867558985313337, 0.06903942003461161, 0.0, 0.19023198633750837, 0.07217986955853739, 0.0, 0.18972844629844587, 0.07498653307172098, 0.0, 0.17742223291953962, 0.06753929033490458, 0.0, 0.17991704493125837, 0.06488044634076395, 0.0, 0.17553014307578962, 0.0623999394437913, 0.0, 0.20061559229453962, 0.0952988423368577, 0.0, 0.054398246103133374, 0.09887988939496317, 0.0, 0.059677787118758374, 0.11014755144330302, 0.0, 0.054550833993758374, 0.10575778856488505, 0.0, 0.029289908700789624, 0.0663681782743577, 0.0, 0.048180289560164624, 0.0013781346342209844, 0.0, 0.061188407235945874, 0.002348975088322547, 0.0, 0.057549186044539624, -0.009201928231989953, 0.0, 0.039841361337508374, -0.002860947702204797, 0.0, 0.047035880380477124, -0.007781907174861047, 0.0, 0.021408744150008374, 0.06333930864545145, 0.0],