{"type": "block", "layer": 7, "block": 0, "features": [{"geom": {"triangles": {"v": [-0.5967324301663979, -0.34703056440142355, 0.0, -0.6058877036038979, -0.36056224927691183, 0.0, -0.5947716757718666, -0.369802399728572, 0.0, -0.5828316733304604, -0.3681105814912673, 0.0, -0.5714409872953041, -0.3629206858613845, 0.0, -0.5762093588773354, -0.36734001264361105, 0.0, -0.5707543417874916, -0.35130207166460714, 0.0, -0.5833352133695229, -0.3331212244966384, 0.0, -0.5647042319242104, -0.34006969556597433, 0.0, -0.5624306723538979, -0.3375024043062087, 0.0, -0.5825722739163979, -0.325861855600154, 0.0, -0.5538247153226479, -0.32748310193804464, 0.0, -0.5588677451078041, -0.3370322428682204, 0.0, -0.5642846152249916, -0.30316154584673605, 0.0, -0.5494301840726479, -0.30865280256060323, 0.0, -0.5498726889554604, -0.30136196241167745, 0.0, -0.5666115805570229, -0.29684154615191183, 0.0, -0.5586693808499916, -0.28752033338335714, 0.0, -0.5437005087796791, -0.2954215250947829, 0.0, -0.5427315756742104, -0.29172126874712667, 0.0, -0.5503151938382729, -0.28079025373247823, 0.0, -0.5442421957913979, -0.2789420329072829, 0.0, -0.5342019125882729, -0.2863101206758376, 0.0, -0.5322106406156166, -0.28212062940386495, 0.0, -0.5397637412015541, -0.2698115550020095, 0.0, -0.5261300131742104, -0.2799309931733962, 0.0, -0.5334237143460854, -0.26353256330279073, 0.0, -0.5066292807523354, -0.28250209913042745, 0.0, -0.5228493735257729, -0.28273193464068136, 0.0, -0.5122750327054604, -0.2909621439912673, 0.0, -0.5191796347562416, -0.2950705729463454, 0.0, -0.5256188437406166, -0.2938927851655837, 0.0, -0.5260842368070229, -0.24728004560259542, 0.0, -0.5282509848538979, -0.24640266523150167, 0.0, -0.4910424277249916, -0.27142135724810323, 0.0, -0.5229714438382729, -0.24158184156206808, 0.0, -0.4766152426663979, -0.2597903452852126, 0.0, -0.4837105795804604, -0.27379123792437277, 0.0, -0.4705422446195229, -0.25409214124468527, 0.0, -0.4668114706937416, -0.24843113050249777, 0.0, -0.4671624228421791, -0.25310127362993917, 0.0, -0.5241082236234291, -0.2354506693818923, 0.0, -0.5005944296781166, -0.19189159498003683, 0.0, -0.4590218588773354, -0.24200241193560323, 0.0, -0.4903023764554604, -0.18403236493853292, 0.0, -0.4513848349515541, -0.24132244214800558, 0.0, -0.4532540366117104, -0.24533073529986105, 0.0, -0.4697793051663979, -0.16313163862017355, 0.0, -0.4397042319242104, -0.23337261304644308, 0.0, -0.4471581503812416, -0.24054138288286886, 0.0, -0.4261620566312416, -0.2345809184053298, 0.0, -0.4514992758695229, -0.1329106532075759, 0.0, -0.4626610800687416, -0.1458520136812087, 0.0, -0.4453042075101479, -0.11737243757036886, 0.0, -0.3674920126859291, -0.22914020643023214, 0.0, -0.4228508994046791, -0.23894111737993917, 0.0, -0.3750145956937416, -0.24322120771197042, 0.0, -0.3665612265531166, -0.23211185560015402, 0.0, -0.3689110800687416, -0.24200241193560323, 0.0, -0.3595040366117104, -0.2363518916108962, 0.0, -0.3584816977445229, -0.24414245710161886, 0.0, -0.3618233725492104, -0.2496117793062087, 0.0, -0.3677743002835854, -0.24957267865923605, 0.0, -0.3698876425687416, -0.24748127088335714, 0.0, -0.4206307455960854, -0.24246208295611105, 0.0, -0.4238579794828041, -0.24269001111773214, 0.0, -0.4193642661038979, -0.24565021619585714, 0.0, -0.3849251791898354, -0.2557925425508376, 0.0, -0.3745110556546791, -0.2478112421968337, 0.0, -0.3914483115140541, -0.25880138501909933, 0.0, -0.3855279013578041, -0.26224033460406027, 0.0, -0.3889840170804604, -0.26312152967241964, 0.0, -0.4089806601468666, -0.25871173963335714, 0.0, -0.4170220419828041, -0.25273220166948995, 0.0, -0.4135888144437416, -0.2590903483369704, 0.0, -0.4182351157132729, -0.25815097913531027, 0.0, -0.4123452231351479, -0.26114170179156027, 0.0, -0.4011681601468666, -0.26326076612261495, 0.0, -0.4245751425687416, -0.23914997205523214, 0.0, -0.3660195395413979, -0.22561161145952902, 0.0, -0.3586419150296791, -0.21551124677447042, 0.0, -0.3420250937406166, -0.19792072400835714, 0.0, -0.4421380087796791, -0.10397331342486105, 0.0, -0.2930443808499916, -0.17328064069536886, 0.0, -0.4202416464749916, -0.04924099073198995, 0.0, -0.4332192465726479, -0.06739227399615011, 0.0, -0.4473336264554604, -0.07654087171343527, 0.0, -0.4503548666898354, -0.08447925672320089, 0.0, -0.4443734213773354, -0.10235206708697042, 0.0, -0.4515450522367104, -0.1022109232881423, 0.0, -0.4497826620999916, -0.10384266004351339, 0.0, -0.4018242880765541, -0.028339310739314172, 0.0, -0.4203484579984291, -0.0384911738374587, 0.0, -0.4156716391507729, -0.030921860788142297, 0.0, -0.4033577963773354, -0.024970933053767297, 0.0, -0.4124291464749916, -0.021481438730036828, 0.0, -0.2864678427640541, -0.16929332837847433, 0.0, -0.3937447592679604, -0.015220566842829797, 0.0, -0.2812417075101479, -0.16815082654741964, 0.0, -0.3892281577054604, -0.005700989816462609, 0.0, -0.3765786215726479, 0.027637556936467078, 0.0, -0.2545846030179604, -0.12965194806841573, 0.0, -0.2691720053617104, -0.16209022626665792, 0.0, -0.2753289267484291, -0.16987125501421652, 0.0, -0.2711937949124916, -0.1685723505952712, 0.0, -0.2596581503812416, -0.15891067609575948, 0.0, -0.2600777670804604, -0.1635216914155837, 0.0, -0.2561486288968666, -0.15861026868609152, 0.0, -0.24938898534217913, -0.1261510096528884, 0.0, -0.22713404149452288, -0.10493175611284933, 0.0, -0.20978479833046038, -0.08553211316851339, 0.0, -0.21677332372108538, -0.10017101392534933, 0.0, -0.3275445029203041, 0.09398944750043192, 0.0, -0.3485940024320229, 0.07774074449750223, 0.0, -0.3727334067288979, 0.06018932237836161, 0.0, -0.3706429526273354, 0.06627853288861552, 0.0, -0.3628838583890541, 0.0766669072172288, 0.0, -0.3679116293851479, 0.07298858537884989, 0.0, -0.3714821860257729, 0.07276828661176005, 0.0, -0.3672249838773354, 0.07576854601117411, 0.0, -0.3586876913968666, 0.08007915392133036, 0.0, -0.3465416953031166, 0.08216865434857645, 0.0, -0.3072045370999916, 0.10606773271771708, 0.0, -0.18479090184608538, -0.0381402216890212, 0.0, -0.2876427695218666, 0.1094275273344163, 0.0, -0.18122034520546038, -0.029782219980036828, 0.0, -0.18180017918983538, -0.03750221357134542, 0.0, -0.17262964696327288, 0.08626945390912333, 0.0, -0.2774041220609291, 0.11493785753461161, 0.0, -0.24636011571327288, 0.12620933428021708, 0.0, -0.19116907567421038, 0.11139877214642802, 0.0, -0.23969965428749163, 0.1300287999174241, 0.0, -0.21523218602577288, 0.13465984239789286, 0.0, -0.19831018895546038, 0.12774856462689677, 0.0, -0.20328455418983538, 0.1326199330350999, 0.0, -0.2614815756742104, 0.12595756426068583, 0.0, -0.2721016928617104, 0.12102802171918192, 0.0, -0.15282373876014788, 0.0717688359281663, 0.0, -0.17294245213905413, -0.029490395639216516, 0.0, -0.14440088719764788, 0.06442840471478739, 0.0, -0.14635401219764788, 0.06962879076215067, 0.0, -0.15978174657264788, -0.029811783883845422, 0.0, -0.11678247899452288, -0.006281777475154016, 0.0, -0.13947229833046038, 0.0628281392118577, 0.0, -0.11791925877967913, 0.045030669119084266, 0.0, -0.10829096288124163, 0.015828207876408484, 0.0, -0.10648279637733538, 0.03917987718793192, 0.0, -0.09596186131874163, 0.030268744375431922, 0.0, -0.10053186864296038, 0.01760967149945536, 0.0, -0.08747034520546038, 0.025959090139592078, 0.0, -0.08872156590858538, 0.009787634756291297, 0.0, -0.10500269383827288, 0.014437750723088172, 0.0, -0.15185480565467913, -0.030630036447321984, 0.0, -0.14429407567421038, -0.03210155591753683, 0.0, -0.12759333104530413, -0.03571025953081808, 0.0, -0.13519983739296038, -0.036931916330134484, 0.0, -0.11807184667030413, -0.03282158002642355, 0.0, -0.12020807713905413, -0.03800098523882589, 0.0, -0.10665827245155413, -0.02443115339068136, 0.0, -0.11298304051796038, -0.006532593820368859, 0.0, -0.10497980565467913, -0.013081475351130578, 0.0, -0.10361414403358538, -0.02533142194536886, 0.0, -0.16714411229530413, -0.03134147748736105, 0.0, -0.3056328818265541, 0.11514766588422098, 0.0, -0.3099587485257729, 0.10932739153119364, 0.0, 