{"type": "block", "layer": 5, "block": 0, "features": [{"geom": {"triangles": {"v": [-0.08747034520546038, 0.025959090139592078, 0.0, -0.08293848485389788, 0.024639204885685828, 0.0, -0.08126764745155413, 0.03338916673871317, 0.0, -0.07057886571327288, 0.016638831045353797, 0.0, -0.07051020116249163, 0.0420294560453538, 0.0, -0.06291895360389788, 0.04140003099652567, 0.0, -0.06786280126014788, 0.016029433157170203, 0.0, -0.055083565420304126, 0.039247588064396766, 0.0, -0.061972908682022876, 0.013088301565373328, 0.0, -0.034430794424210376, 0.025867537405217078, 0.0, -0.06425409764686663, 0.006596640493595984, 0.0, -0.025443367666397876, 0.022269324209416297, 0.0, -0.015342049307022876, 0.02009685411664286, 0.0, -0.006095223135147876, 0.016318396475041297, 0.0, -0.06478815526405413, -0.016301079843318078, 0.0, -0.0007317587796791258, 0.011697844412053016, 0.0, 0.008125968271102124, 0.005909041311467078, 0.0, -0.049674324697647876, -0.07073108777788839, 0.0, -0.060469917959366626, -0.05934230909136495, 0.0, -0.053878121084366626, -0.06892196759966573, 0.0, -0.060439400381241626, -0.06223003492144308, 0.0, -0.057753853506241626, -0.06851093396929464, 0.0, -0.06399469823280413, -0.06635086164263448, 0.0, -0.06409388036171038, -0.06314174756792745, 0.0, -0.06798487157264788, -0.021771355722224328, 0.0, -0.07240992040077288, -0.042681618783747766, 0.0, -0.07076960057655413, -0.05767242536333761, 0.0, -0.07317285985389788, -0.05659191236284933, 0.0, -0.07442408055702288, -0.027802392099177453, 0.0, -0.07771997899452288, -0.03319160566118917, 0.0, -0.07852106542030413, -0.03854076490191183, 0.0, -0.07069330663124163, -0.022812768075739953, 0.0, -0.07330255956092913, -0.022972031686579797, 0.0, 0.020371146493758374, 0.0015383519193772344, 0.0, -0.036414437002335376, -0.09050266370562277, 0.0, -0.050177864736710376, -0.08240310773638448, 0.0, -0.041755013174210376, -0.09291164502886495, 0.0, -0.047469429678116626, -0.09346096143511495, 0.0, -0.052359871572647876, -0.07877246961382589, 0.0, 0.039841361337508374, -0.002860947702204797, 0.0, 0.055588431650008374, -0.08715335950640402, 0.0, 0.047035880380477124, -0.007781907174861047, 0.0, 0.07100743799766462, -0.021640702340876672, 0.0, 0.057549186044539624, -0.009201928231989953, 0.0, 0.048180289560164624, 0.0013781346342209844, 0.0, 0.07113713770469587, -0.016980095956599328, 0.0, 0.060242362314070874, -0.003861352060114953, 0.0, 0.07408971338828962, -0.005302353952204797, 0.0, 0.061188407235945874, 0.002348975088322547, 0.0, 0.06827611475547712, 0.007727698232853797, 0.0, 0.062348075204695874, 0.013618544485295203, 0.0, 0.07007665186485212, 0.011738852407658484, 0.0, 0.058357901864852124, 0.01220043077679911, 0.0, 0.08174962549766462, -0.0007914744356032344, 0.0, 0.06559056788047712, -0.08639137372759542, 0.0, 0.08201665430625837, -0.07230178937700948, 0.0, 0.08433599024375837, -0.06840221509722433, 0.0, 0.08692235498985212, -0.030851288888728234, 0.0, 0.09014195948203962, -0.06630127057818136, 0.0, 0.10421056299766462, -0.04272071943072042, 0.0, 0.09574956446250837, -0.06638042554644308, 0.0, 0.10966558008750837, -0.05016224012163839, 0.0, 0.10141057520469587, -0.06796161756304464, 0.0, 0.11406774073203962, -0.05852214917925558, 0.0, 0.10524816065391462, -0.07027999982622823, 0.0, 0.11291570215782087, -0.07147209272173605, 0.0, 0.11895055323203962, -0.06321231946734152, 0.0, 0.11616582422813337, -0.07135955915240011, 0.0, 0.11937016993125837, -0.06850235090044698, 0.0, 0.12942571192344587, -0.06912223920611105, 0.0, 0.12789983301719587, -0.07246105298784933, 0.0, 0.10892552881797712, -0.0747307978608962, 0.0, 0.08821935206016462, -0.06963054761675558, 0.0, 0.06906194239219587, -0.08589164838579855, 0.0, 0.08129186182578962, -0.0769118510225173, 0.0, 0.08265752344688337, -0.08417121991900167, 0.0, 0.08284825831016462, -0.09095184430865011, 0.0, 0.06299657373985212, -0.08816234693316183, 0.0, 0.061226554208602124, -0.09086124524859152, 0.0, -0.030211739248429126, -0.0968713007905837, 0.0, 0.054985709482039624, -0.0902022562959548, 0.0, -0.021193794912491626, -0.12533275708941183, 0.0, 0.056168265634383374, -0.09820167646197042, 0.0, 0.056557364755477124, -0.09401313886431417, 0.0, -0.019500069326554126, -0.13310234174517355, 0.0, -0.007224373525772876, -0.1513900004365798, 0.0, 0.031487174325789624, -0.15822116956499777, 0.0, 0.060997672372664624, -0.12843219861773214, 0.0, 0.038140006357039624, -0.1562899790742751, 0.0, 0.07043523340782087, -0.14481155500200948, 0.0, 0.07030553370078962, -0.14032165632036886, 0.0, 0.06832189112266462, -0.1305913172700759, 0.0, 0.07204503565391462, -0.13538066968706808, 0.0, 0.07278508692344587, -0.12854187116411886, 0.0, 0.07518834620078962, -0.13482277021197042, 0.0, 0.08367223291953962, -0.12081997022417745, 0.0, 0.08516759424766462, -0.13653175458697042, 0.0, 0.09018773584922712, -0.1382827006318923, 0.0, 0.09231633692344587, -0.11470310315874777, 0.0, 0.10998601465782087, -0.11967079267290792, 0.0, 0.10157842188438337, -0.11295215711382589, 0.0, 0.09793920069297712, -0.11242096051958761, 0.0, 0.11291570215782087, -0.12398998365191183, 0.0, 0.09466619043907087, -0.14175121412066183, 0.0, 0.09962529688438337, -0.14361087903765402, 0.0, 0.11802739649375837, -0.12994091138628683, 0.0, 0.11687535791953962, -0.12683002576616964, 0.0, 0.11927098780235212, -0.14272014722613058, 0.0, 0.12175054102500837, -0.1346215449312087, 0.0, 0.11526555567344587, -0.1479424677827712, 0.0, 0.10144872217735212, -0.15236084089068136, 0.0, 0.11264867334922712, -0.15299026593950948, 0.0, 0.10859746485313337, -0.16373054609087667, 0.0, 0.09919805079063337, -0.15903179273394308, 0.0, 0.10158605127891462, -0.1676110468843337, 0.0, 0.10794896631797712, -0.16833107099322042, 0.0, 0.10544652491172712, -0.17068092450884542, 0.0, 0.09471196680625837, -0.16919223890093527, 0.0, 0.09204167872032087, -0.16055194959429464, 0.0, 0.09182805567344587, -0.1673802576997634, 0.0, 0.08648747950157087, -0.11444275007036886, 0.0, 0.050652213388289624, -0.1658419810274001, 0.0, 0.056328482919539624, -0.1717309199312087, 0.0, 0.07059545069297712, -0.16046135053423605, 0.0, 0.07413548975547712, -0.14747230634478292, 0.0, 0.07441777735313337, -0.15777198896197042, 0.0, 0.06810063868125837, -0.16580097303179464, 0.0, 0.06743688135703962, -0.17253105268267355, 0.0, 0.062439627939070874, -0.17670242414263448, 0.0, 0.06877202540000837, -0.18053142652300558, 0.0, 0.056931205087508374, -0.1785210810640212, 0.0, 0.062416739755477124, -0.10979072675493917, 0.0, 0.060555167489852124, -0.10328189954546652, 0.0, 0.021065421396102124, -0.16180126294878683, 0.0, 0.028382010751570874, -0.16166202649859152, 0.0, -0.005294136709366626, -0.15830032453325948, 0.0, 0.019531913095320874, -0.16461078748491964, 0.0, 0.013985343271102124, -0.1746615611055251, 0.0, -0.007239632314835376, -0.1703108988740798, 0.0, 0.024841971689070874, -0.16935245618609152, 0.0, 0.014671988778914624, -0.17657177076128683, 0.0, 0.022186942392195874, -0.18568222150591573, 0.0, 0.013886161142195874, -0.18219177350786886, 0.0, 0.032425589853133374, -0.17992012128618917, 0.0, 0.033112235360945874, -0.17474166974810323, 0.0, 0.030548758798445874, -0.18629257306841573, 0.0, -0.011550240224991626, -0.14930240735796652, 0.0, -0.023093514150772876, -0.1466006480195876, 0.0, -0.022719673818741626, -0.1304415904024001, 0.0, -0.033011727041397876, -0.1048516474702712, 0.0, -0.031920723623429126, -0.11993114576128683, 0.0, -0.034964852041397876, -0.1155623637178298, 0.0, 0.031250663095320874, 0.0004597462675217656, 0.0, -0.07063227147499163, -0.003651543710505578, 0.0, -0.07065515965858538, -0.012790604684626672, 0.0, -0.07294397801796038, -0.007820054147517297, 0.0, -0.07227259129921038, -0.004330559823786828, 0.0, -0.07900171727577288, 0.04198844804974833, 0.0],