{"type": "block", "layer": 6, "block": 0, "features": [{"geom": {"triangles": {"v": [-0.3674920126859291, -0.22914020643023214, 0.0, -0.3665612265531166, -0.23211185560015402, 0.0, -0.3660195395413979, -0.22561161145952902, 0.0, -0.3635628745023354, -0.22372142896441183, 0.0, -0.3624032065335854, -0.2357701502778884, 0.0, -0.3595040366117104, -0.2363518916108962, 0.0, -0.3586419150296791, -0.21551124677447042, 0.0, -0.3452981039945229, -0.2469701014497634, 0.0, -0.3231423422757729, -0.2097701273897048, 0.0, -0.3324578329984291, -0.19973270520952902, 0.0, -0.3420250937406166, -0.19792072400835714, 0.0, -0.3293526694242104, -0.1996707163789626, 0.0, -0.3358605429593666, -0.24827091321734152, 0.0, -0.3093636557523354, -0.2566308222749587, 0.0, -0.3078835532132729, -0.2566022120454665, 0.0, -0.2986977621976479, -0.1877812586763259, 0.0, -0.3056023642484291, -0.2604121409395095, 0.0, -0.3023446127835854, -0.2675828181245681, 0.0, -0.2711937949124916, -0.1685723505952712, 0.0, -0.2753289267484291, -0.16987125501421652, 0.0, -0.2966378256742104, -0.18054000959185323, 0.0, -0.2864678427640541, -0.16929332837847433, 0.0, -0.2812417075101479, -0.16815082654741964, 0.0, -0.2930443808499916, -0.17328064069536886, 0.0, -0.22349482030311663, -0.29025070295122823, 0.0, -0.2600777670804604, -0.1635216914155837, 0.0, -0.20236139745155413, -0.2930411540010329, 0.0, -0.2561486288968666, -0.15861026868609152, 0.0, -0.2596581503812416, -0.15891067609575948, 0.0, -0.20989160985389788, -0.12747280225542745, 0.0, -0.14571314305702288, -0.2944716654756423, 0.0, -0.13584833592811663, -0.29245178327349386, 0.0, -0.11743860692421038, -0.29262058362749777, 0.0, -0.07141809911171038, -0.2947320185640212, 0.0, -0.10702448338905413, -0.2956322871187087, 0.0, -0.07873468846717913, -0.2981499873140212, 0.0, -0.08089380711952288, -0.3004817210176345, 0.0, -0.08711939305702288, -0.3058222971895095, 0.0, -0.08241205663124163, -0.3044699870088454, 0.0, -0.10456781834999163, -0.3031119547822829, 0.0, -0.09014063329139788, -0.30858032331255636, 0.0, -0.09606104344764788, -0.3105124674775954, 0.0, -0.10422449559608538, -0.3063315592744704, 0.0, -0.10718470067421038, -0.3021907053926345, 0.0, -0.07507257909217913, -0.29883186445025167, 0.0, -0.06803064793983538, -0.2919720850923415, 0.0, -0.047469429678116626, -0.09346096143511495, 0.0, -0.06520777196327288, -0.2922114573457595, 0.0, -0.053572945303116626, -0.2959403239229079, 0.0, -0.045150093740616626, -0.2826317988374587, 0.0, -0.034964852041397876, -0.1155623637178298, 0.0, -0.033011727041397876, -0.1048516474702712, 0.0, -0.041755013174210376, -0.09291164502886495, 0.0, -0.030211739248429126, -0.0968713007905837, 0.0, -0.036414437002335376, -0.09050266370562277, 0.0, -0.023093514150772876, -0.1466006480195876, 0.0, -0.031920723623429126, -0.11993114576128683, 0.0, -0.022719673818741626, -0.1304415904024001, 0.0, -0.021193794912491626, -0.12533275708941183, 0.0, -0.019500069326554126, -0.13310234174517355, 0.0, -0.030394844717179126, -0.26463119611529073, 0.0, -0.007949166006241626, -0.20017044172075948, 0.0, -0.007239632314835376, -0.1703108988740798, 0.0, -0.011550240224991626, -0.14930240735796652, 0.0, -0.005294136709366626, -0.15830032453325948, 0.0, -0.007224373525772876, -0.1513900004365798, 0.0, 0.0012900307711021242, -0.1888217173555251, 0.0, 0.013985343271102124, -0.1746615611055251, 0.0, 0.013886161142195874, -0.18219177350786886, 0.0, 0.014671988778914624, -0.17657177076128683, 0.0, 0.010597892099227124, -0.1926507197358962, 0.0, -0.0011132285062416258, -0.2171105586030837, 0.0, 0.003609366708602124, -0.2100619517305251, 0.0, 0.006386466317977124, -0.2311801157930251, 0.0, 0.003075309091414624, -0.22191135511187277, 0.0, 0.008675284677352124, -0.2457513056733962, 0.0, 0.009545035653914624, -0.2355126582124587, 0.0, -0.009497933096085376, -0.27052013501909933, 0.0, 0.012749381357039624, -0.26665012464312277, 0.0, 0.014671988778914624, -0.25354091748980245, 0.0, 0.013886161142195874, -0.24887077436236105, 0.0, 0.017845816903914624, -0.25896064862993917, 0.0, 0.017479605966414624, -0.2656907282808181, 0.0, 0.010262198739852124, -0.2698001109102126, 0.0, 0.007080741220320874, -0.2812918864229079, 0.0, 0.012360282235945874, -0.2737817011812087, 0.0, 0.012169547372664624, -0.27896015271929464, 0.0, -0.005294136709366626, -0.2820510111787673, 0.0, -0.010550789541397876, -0.28115932569292745, 0.0, -0.039244942373429126, -0.2820214472749587, 0.0, -0.048590950674210376, -0.28952209577349386, 0.0, -0.059745125478897876, -0.3018426142671462, 0.0, -0.055983833974991626, -0.30174152478960714, 0.0, -0.06544428319374163, -0.2992314539888259, 0.0, -0.20909815282264788, -0.12038223371294698, 0.0, -0.19994287938514788, -0.08746234998491964, 0.0, -0.21677332372108538, -0.10017101392534933, 0.0, -0.20978479833046038, -0.08553211316851339, 0.0, -0.21556787938514788, -0.11458198652056417, 0.0, -0.21231775731483538, -0.1184310160615798, 0.0, -0.21971827001014788, -0.10225193128374777, 0.0, -0.22140436620155413, -0.11499206647661886, 0.0, -0.22713404149452288, -0.10493175611284933, 0.0, -0.19334345311561663, -0.07950107679156027, 0.0, -0.19134455174842913, -0.07594101056841573, 0.0, -0.052359871572647876, -0.07877246961382589, 0.0, -0.057753853506241626, -0.06851093396929464, 0.0, -0.053878121084366626, -0.06892196759966573, 0.0, -0.049674324697647876, -0.07073108777788839, 0.0, -0.06399469823280413, -0.06635086164263448, 0.0, -0.18996363133827288, -0.0626305781343337, 0.0, -0.19139795751014788, -0.0730218134858962, 0.0, -0.19270258397499163, -0.0657424174287673, 0.0, -0.19318323583046038, -0.06984035596636495, 0.0, -0.17990808934608538, -0.055132790658747766, 0.0, -0.12020807713905413, -0.03800098523882589, 0.0, -0.07317285985389788, -0.05659191236284933, 0.0, -0.07076960057655413, -0.05767242536333761, 0.0, -0.06409388036171038, -0.06314174756792745, 0.0, -0.060469917959366626, -0.05934230909136495, 0.0, -0.060439400381241626, -0.06223003492144308, 0.0, -0.07852106542030413, -0.03854076490191183, 0.0, -0.10361414403358538, -0.02533142194536886, 0.0, -0.07771997899452288, -0.03319160566118917, 0.0, -0.07442408055702288, -0.027802392099177453, 0.0, -0.07330255956092913, -0.022972031686579797, 0.0, -0.10497980565467913, -0.013081475351130578, 0.0, -0.07294397801796038, -0.007820054147517297, 0.0, -0.07065515965858538, -0.012790604684626672, 0.0, -0.07069330663124163, -0.022812768075739953, 0.0, -0.06798487157264788, -0.021771355722224328, 0.0, -0.06478815526405413, -0.016301079843318078, 0.0, -0.08872156590858538, 0.009787634756291297, 0.0, -0.11339502782264788, 0.004198149587834266, 0.0, -0.10500269383827288, 0.014437750723088172, 0.0, -0.10829096288124163, 0.015828207876408484, 0.0, -0.10053186864296038, 0.01760967149945536, 0.0, -0.11298304051796038, -0.006532593820368859, 0.0, -0.11678247899452288, -0.006281777475154016, 0.0, -0.07227259129921038, -0.004330559823786828, 0.0, -0.07057886571327288, 0.016638831045353797, 0.0, -0.07063227147499163, -0.003651543710505578, 0.0, -0.06425409764686663, 0.006596640493595984, 0.0, -0.06786280126014788, 0.016029433157170203, 0.0, -0.061972908682022876, 0.013088301565373328, 0.0, -0.08293848485389788, 0.024639204885685828, 0.0, -0.08747034520546038, 0.025959090139592078, 0.0, -0.11807184667030413, -0.03282158002642355, 0.0, -0.10665827245155413, -0.02443115339068136, 0.0, -0.07240992040077288, -0.042681618783747766, 0.0, -0.13519983739296038, -0.036931916330134484, 0.0, -0.12759333104530413, -0.03571025953081808, 0.0, -0.14429407567421038, -0.03210155591753683, 0.0, -0.15185480565467913, -0.030630036447321984, 0.0, -0.15978174657264788, -0.029811783883845422, 0.0, -0.16714411229530413, -0.03134147748736105, 0.0, -0.18180017918983538, -0.03750221357134542, 0.0, -0.18479090184608538, -0.0381402216890212, 0.0, -0.17018824071327288, -0.03088276014116964, 0.0, -0.17689447850624163, -0.030151291940486047, 0.0, -0.18122034520546038, -0.029782219980036828, 0.0, -0.17294245213905413, -0.029490395639216516, 0.0, 